ticket_text,category,priority,sentiment,confidence,eta_hours,generated_response
looks like that sunset over denver just photobombed our winglet either way the results are pretty gr...,billing,high,very_positive,2.0,2.3,"Thank you so much for your wonderful feedback! I'm glad to hear that the sunset over Denver was a photobomb, and I'm glad to hear your results are great! Allow me to reiterate that we understand your concern and are happy to help.

The estimated resolution time for this issue is 2.3 hours. This shou..."
thanks for your patience hck,billing,high,positive,1.0,1.1,"Thank you for contacting us! ðŸ™Œ I am glad to hear that our team has been able to assist you with your billing issue. I understand how frustrating and time-consuming that can be.

Please allow me to provide you with some actionable steps to help resolve your issue further.

1. First, we would like to ..."
en todos los aos que tengo volando con nunca haba tenido una experiencia como la de ayer 24 vuelo 91...,billing,high,neutral,0.0,1.5,"Thank you for reaching out to us. I am sorry to hear about your recent experience. We understand how frustrating it can be to encounter such a poor customer experience. I am glad to know that I can provide you with the assistance you need to address this matter. 

I would like to take this opportuni..."
sorry for the confusion please dm me and i can help you ga,billing,high,neutral,0.0,1.8,"Thank you for reaching out to us. I'm sorry to hear about your confusion regarding your billing. We understand the importance of clarity and transparency, and we'd like to help you get back on track. 

Please let me know if there's anything I can do to assist you further. Our team has been trained t..."
